PRAGMA foreign_keys=OFF;
BEGIN TRANSACTION;
CREATE TABLE Dorf (
P_ID INTEGER AUTO_INCREMENT PRIMARY KEY,
Name VARCHAR(100)
);
INSERT INTO "Dorf" VALUES(0,'Nilfheim');
INSERT INTO "Dorf" VALUES(1,'Bretonia');
CREATE TABLE Mitglied (
P_ID INTEGER AUTO_INCREMENT PRIMARY KEY,
FK_DORF_ID INTEGER REFERENCES Dorf(P_ID),
Name VARCHAR(100)
);
INSERT INTO "Mitglied" VALUES(0,0,'Ragnar');
INSERT INTO "Mitglied" VALUES(1,0,'Lagertha');
INSERT INTO "Mitglied" VALUES(2,0,'Floki');
INSERT INTO "Mitglied" VALUES(3,0,'Bjoern');
INSERT INTO "Mitglied" VALUES(4,1,'Peter');
INSERT INTO "Mitglied" VALUES(5,1,'Cesar');
INSERT INTO "Mitglied" VALUES(6,1,'EinTroll');
CREATE TABLE Lager (
P_ID INTEGER AUTO_INCREMENT PRIMARY KEY,
FK_DORF_ID INTEGER REFERENCES Dorf(P_ID),
Name VARCHAR(100)
);
INSERT INTO "Lager" VALUES(0,0,'Miene');
INSERT INTO "Lager" VALUES(1,0,'Lagerhaus');
INSERT INTO "Lager" VALUES(2,1,'Miene');
INSERT INTO "Lager" VALUES(3,1,'Lagerhaus');
CREATE TABLE Berufstyp (
P_ID INTEGER AUTO_INCREMENT PRIMARY KEY,
Name VARCHAR(100),
SK1 INTEGER,
SK2 INTEGER,
SK3 INTEGER,
SK4 INTEGER,
SK5 INTEGER
);
INSERT INTO "Berufstyp" VALUES(0,'Schmied',0,0,0,0,0);
INSERT INTO "Berufstyp" VALUES(1,'Schmied',20,20,20,20,20);
INSERT INTO "Berufstyp" VALUES(2,'Bogner',50,50,50,50,50);
INSERT INTO "Berufstyp" VALUES(3,'Koenig',90,90,90,90,90);
INSERT INTO "Berufstyp" VALUES(4,'Farmer',90,90,90,90,90);
INSERT INTO "Berufstyp" VALUES(5,'Schmied',90,90,90,90,90);
INSERT INTO "Berufstyp" VALUES(6,'Alchemist',60,60,60,90,90);
CREATE TABLE Ressource (
P_ID INTEGER AUTO_INCREMENT PRIMARY KEY,
Name VARCHAR(100),
Gewicht DOUBLE,
Preis DOUBLE
);
INSERT INTO "Ressource" VALUES(0,'Stein',5.0,5.0);
INSERT INTO "Ressource" VALUES(1,'Holz',3.0,10.0);
INSERT INTO "Ressource" VALUES(2,'Eisen',8.0,20.0);
INSERT INTO "Ressource" VALUES(3,'Kupfer',6.0,14.0);
INSERT INTO "Ressource" VALUES(4,'Stahl',15.0,30.0);
INSERT INTO "Ressource" VALUES(5,'Gold',8.0,50.0);
INSERT INTO "Ressource" VALUES(6,'Dickes Leder',6.0,25.0);
INSERT INTO "Ressource" VALUES(7,'Duennes Leder',3.0,20.0);
CREATE TABLE Beruf (
P_ID INTEGER AUTO_INCREMENT PRIMARY KEY,
FK_TYP_ID INTEGER REFERENCES Berufstyp(P_ID),
FK_Mitglied_ID INTEGER REFERENCES Mitglied(P_ID),
Punkte INTEGER
);
INSERT INTO "Beruf" VALUES(0,0,0,0);
INSERT INTO "Beruf" VALUES(1,1,1,100);
INSERT INTO "Beruf" VALUES(2,2,2,250);
INSERT INTO "Beruf" VALUES(3,3,3,450);
INSERT INTO "Beruf" VALUES(4,4,4,450);
INSERT INTO "Beruf" VALUES(5,5,5,450);
INSERT INTO "Beruf" VALUES(6,6,6,320);
CREATE TABLE LagerBestand (
P_ID INTEGER AUTO_INCREMENT PRIMARY KEY,
FK_Res_ID INTEGER REFERENCES Ressource(P_ID),
FK_Lager_ID INTEGER REFERENCES Lager(P_ID),
Menge INTEGER
);
INSERT INTO "LagerBestand" VALUES(0,0,0,20);
INSERT INTO "LagerBestand" VALUES(1,1,0,10);
INSERT INTO "LagerBestand" VALUES(2,3,0,40);
INSERT INTO "LagerBestand" VALUES(3,4,0,5);
INSERT INTO "LagerBestand" VALUES(4,5,0,90);
INSERT INTO "LagerBestand" VALUES(5,6,1,15);
INSERT INTO "LagerBestand" VALUES(6,7,1,30);
INSERT INTO "LagerBestand" VALUES(7,0,2,30);
INSERT INTO "LagerBestand" VALUES(8,5,2,20);
INSERT INTO "LagerBestand" VALUES(9,7,3,28);
COMMIT;
